{
  "Show All Product" : {
    "transaction" : "Show All Product",
    "sampleCount" : 1,
    "errorCount" : 0,
    "errorPct" : 0.0,
    "meanResTime" : 3068.0,
    "medianResTime" : 3068.0,
    "minResTime" : 3068.0,
    "maxResTime" : 3068.0,
    "pct1ResTime" : 3068.0,
    "pct2ResTime" : 3068.0,
    "pct3ResTime" : 3068.0,
    "throughput" : 0.3259452411994785,
    "receivedKBytesPerSec" : 115.37029161913298,
    "sentKBytesPerSec" : 0.048382496740547586
  },
  "Auth-Register" : {
    "transaction" : "Auth-Register",
    "sampleCount" : 1,
    "errorCount" : 1,
    "errorPct" : 100.0,
    "meanResTime" : 2065.0,
    "medianResTime" : 2065.0,
    "minResTime" : 2065.0,
    "maxResTime" : 2065.0,
    "pct1ResTime" : 2065.0,
    "pct2ResTime" : 2065.0,
    "pct3ResTime" : 2065.0,
    "throughput" : 0.48426150121065376,
    "receivedKBytesPerSec" : 0.16268159806295399,
    "sentKBytesPerSec" : 0.6535638619854721
  },
  "Get Order" : {
    "transaction" : "Get Order",
    "sampleCount" : 1,
    "errorCount" : 0,
    "errorPct" : 0.0,
    "meanResTime" : 304.0,
    "medianResTime" : 304.0,
    "minResTime" : 304.0,
    "maxResTime" : 304.0,
    "pct1ResTime" : 304.0,
    "pct2ResTime" : 304.0,
    "pct3ResTime" : 304.0,
    "throughput" : 3.289473684210526,
    "receivedKBytesPerSec" : 10.475560238486842,
    "sentKBytesPerSec" : 0.9829872532894737
  },
  "Auth-Login" : {
    "transaction" : "Auth-Login",
    "sampleCount" : 1,
    "errorCount" : 0,
    "errorPct" : 0.0,
    "meanResTime" : 649.0,
    "medianResTime" : 649.0,
    "minResTime" : 649.0,
    "maxResTime" : 649.0,
    "pct1ResTime" : 649.0,
    "pct2ResTime" : 649.0,
    "pct3ResTime" : 649.0,
    "throughput" : 1.5408320493066257,
    "receivedKBytesPerSec" : 0.7538641178736517,
    "sentKBytesPerSec" : 1.2263458204930662
  },
  "Create Order" : {
    "transaction" : "Create Order",
    "sampleCount" : 1,
    "errorCount" : 1,
    "errorPct" : 100.0,
    "meanResTime" : 1819.0,
    "medianResTime" : 1819.0,
    "minResTime" : 1819.0,
    "maxResTime" : 1819.0,
    "pct1ResTime" : 1819.0,
    "pct2ResTime" : 1819.0,
    "pct3ResTime" : 1819.0,
    "throughput" : 0.5497526113249038,
    "receivedKBytesPerSec" : 0.18521938565145685,
    "sentKBytesPerSec" : 0.21904205607476637
  },
  "Get Order by Id" : {
    "transaction" : "Get Order by Id",
    "sampleCount" : 1,
    "errorCount" : 0,
    "errorPct" : 0.0,
    "meanResTime" : 306.0,
    "medianResTime" : 306.0,
    "minResTime" : 306.0,
    "maxResTime" : 306.0,
    "pct1ResTime" : 306.0,
    "pct2ResTime" : 306.0,
    "pct3ResTime" : 306.0,
    "throughput" : 3.2679738562091503,
    "receivedKBytesPerSec" : 4.282832924836601,
    "sentKBytesPerSec" : 0.9925194035947713
  },
  "Get Product By Id" : {
    "transaction" : "Get Product By Id",
    "sampleCount" : 1,
    "errorCount" : 0,
    "errorPct" : 0.0,
    "meanResTime" : 284.0,
    "medianResTime" : 284.0,
    "minResTime" : 284.0,
    "maxResTime" : 284.0,
    "pct1ResTime" : 284.0,
    "pct2ResTime" : 284.0,
    "pct3ResTime" : 284.0,
    "throughput" : 3.5211267605633805,
    "receivedKBytesPerSec" : 3.961267605633803,
    "sentKBytesPerSec" : 0.5329830545774649
  },
  "Find Product by Id" : {
    "transaction" : "Find Product by Id",
    "sampleCount" : 1,
    "errorCount" : 0,
    "errorPct" : 0.0,
    "meanResTime" : 302.0,
    "medianResTime" : 302.0,
    "minResTime" : 302.0,
    "maxResTime" : 302.0,
    "pct1ResTime" : 302.0,
    "pct2ResTime" : 302.0,
    "pct3ResTime" : 302.0,
    "throughput" : 3.3112582781456954,
    "receivedKBytesPerSec" : 2.4640418046357615,
    "sentKBytesPerSec" : 1.513348509933775
  },
  "Edit Order by Id" : {
    "transaction" : "Edit Order by Id",
    "sampleCount" : 2,
    "errorCount" : 1,
    "errorPct" : 50.0,
    "meanResTime" : 451.5,
    "medianResTime" : 451.5,
    "minResTime" : 306.0,
    "maxResTime" : 597.0,
    "pct1ResTime" : 597.0,
    "pct2ResTime" : 597.0,
    "pct3ResTime" : 597.0,
    "throughput" : 3.1104199066874028,
    "receivedKBytesPerSec" : 1.5217972395023327,
    "sentKBytesPerSec" : 1.5916601866251943
  },
  "Total" : {
    "transaction" : "Total",
    "sampleCount" : 15,
    "errorCount" : 6,
    "errorPct" : 40.0,
    "meanResTime" : 999.0666666666666,
    "medianResTime" : 308.0,
    "minResTime" : 284.0,
    "maxResTime" : 3068.0,
    "pct1ResTime" : 2772.2000000000003,
    "pct2ResTime" : 3068.0,
    "pct3ResTime" : 3068.0,
    "throughput" : 4.440497335701599,
    "receivedKBytesPerSec" : 109.39436935686797,
    "sentKBytesPerSec" : 8.953557485938425
  },
  "Show Product" : {
    "transaction" : "Show Product",
    "sampleCount" : 1,
    "errorCount" : 0,
    "errorPct" : 0.0,
    "meanResTime" : 308.0,
    "medianResTime" : 308.0,
    "minResTime" : 308.0,
    "maxResTime" : 308.0,
    "pct1ResTime" : 308.0,
    "pct2ResTime" : 308.0,
    "pct3ResTime" : 308.0,
    "throughput" : 3.246753246753247,
    "receivedKBytesPerSec" : 8.513215300324676,
    "sentKBytesPerSec" : 0.9797331574675325
  },
  "Fetch Order by Product Id" : {
    "transaction" : "Fetch Order by Product Id",
    "sampleCount" : 1,
    "errorCount" : 1,
    "errorPct" : 100.0,
    "meanResTime" : 299.0,
    "medianResTime" : 299.0,
    "minResTime" : 299.0,
    "maxResTime" : 299.0,
    "pct1ResTime" : 299.0,
    "pct2ResTime" : 299.0,
    "pct3ResTime" : 299.0,
    "throughput" : 3.3444816053511706,
    "receivedKBytesPerSec" : 11.800402382943144,
    "sentKBytesPerSec" : 2.1719533862876257
  },
  "Fetch Order by Id" : {
    "transaction" : "Fetch Order by Id",
    "sampleCount" : 1,
    "errorCount" : 1,
    "errorPct" : 100.0,
    "meanResTime" : 287.0,
    "medianResTime" : 287.0,
    "minResTime" : 287.0,
    "maxResTime" : 287.0,
    "pct1ResTime" : 287.0,
    "pct2ResTime" : 287.0,
    "pct3ResTime" : 287.0,
    "throughput" : 3.484320557491289,
    "receivedKBytesPerSec" : 1.1398900261324043,
    "sentKBytesPerSec" : 1.0616289198606272
  },
  "Get Orders" : {
    "transaction" : "Get Orders",
    "sampleCount" : 1,
    "errorCount" : 0,
    "errorPct" : 0.0,
    "meanResTime" : 1817.0,
    "medianResTime" : 1817.0,
    "minResTime" : 1817.0,
    "maxResTime" : 1817.0,
    "pct1ResTime" : 1817.0,
    "pct2ResTime" : 1817.0,
    "pct3ResTime" : 1817.0,
    "throughput" : 0.550357732526142,
    "receivedKBytesPerSec" : 0.14833860759493672,
    "sentKBytesPerSec" : 0.2617423981838195
  },
  "Create Product" : {
    "transaction" : "Create Product",
    "sampleCount" : 1,
    "errorCount" : 1,
    "errorPct" : 100.0,
    "meanResTime" : 2575.0,
    "medianResTime" : 2575.0,
    "minResTime" : 2575.0,
    "maxResTime" : 2575.0,
    "pct1ResTime" : 2575.0,
    "pct2ResTime" : 2575.0,
    "pct3ResTime" : 2575.0,
    "throughput" : 0.38834951456310685,
    "receivedKBytesPerSec" : 0.12666868932038833,
    "sentKBytesPerSec" : 9.159966626213592
  }
}